[
  {
    "_id": 1,
    "provinceId": 1,
    "name": "Quận Ba Đình"
  },
  {
    "_id": 2,
    "provinceId": 1,
    "name": "Quận Hoàn Kiếm"
  },
  {
    "_id": 3,
    "provinceId": 1,
    "name": "Quận Tây Hồ"
  },
  {
    "_id": 4,
    "provinceId": 1,
    "name": "Quận Long Biên"
  },
  {
    "_id": 5,
    "provinceId": 1,
    "name": "Quận Cầu Giấy"
  },
  {
    "_id": 6,
    "provinceId": 1,
    "name": "Quận Đống Đa"
  },
  {
    "_id": 7,
    "provinceId": 1,
    "name": "Quận Hai Bà Trưng"
  },
  {
    "_id": 8,
    "provinceId": 1,
    "name": "Quận Hoàng Mai"
  },
  {
    "_id": 9,
    "provinceId": 1,
    "name": "Quận Thanh Xuân"
  },
  {
    "_id": 16,
    "provinceId": 1,
    "name": "Huyện Sóc Sơn"
  },
  {
    "_id": 17,
    "provinceId": 1,
    "name": "Huyện Đông Anh"
  },
  {
    "_id": 18,
    "provinceId": 1,
    "name": "Huyện Gia Lâm"
  },
  {
    "_id": 19,
    "provinceId": 1,
    "name": "Quận Nam Từ Liêm"
  },
  {
    "_id": 20,
    "provinceId": 1,
    "name": "Huyện Thanh Trì"
  },
  {
    "_id": 21,
    "provinceId": 1,
    "name": "Quận Bắc Từ Liêm"
  },
  {
    "_id": 24,
    "provinceId": 2,
    "name": "Thành phố Hà Giang"
  },
  {
    "_id": 26,
    "provinceId": 2,
    "name": "Huyện Đồng Văn"
  },
  {
    "_id": 27,
    "provinceId": 2,
    "name": "Huyện Mèo Vạc"
  },
  {
    "_id": 28,
    "provinceId": 2,
    "name": "Huyện Yên Minh"
  },
  {
    "_id": 29,
    "provinceId": 2,
    "name": "Huyện Quản Bạ"
  },
  {
    "_id": 30,
    "provinceId": 2,
    "name": "Huyện Vị Xuyên"
  },
  {
    "_id": 31,
    "provinceId": 2,
    "name": "Huyện Bắc Mê"
  },
  {
    "_id": 32,
    "provinceId": 2,
    "name": "Huyện Hoàng Su Phì"
  },
  {
    "_id": 33,
    "provinceId": 2,
    "name": "Huyện Xín Mần"
  },
  {
    "_id": 34,
    "provinceId": 2,
    "name": "Huyện Bắc Quang"
  },
  {
    "_id": 35,
    "provinceId": 2,
    "name": "Huyện Quang Bình"
  },
  {
    "_id": 40,
    "provinceId": 4,
    "name": "Thành phố Cao Bằng"
  },
  {
    "_id": 42,
    "provinceId": 4,
    "name": "Huyện Bảo Lâm"
  },
  {
    "_id": 43,
    "provinceId": 4,
    "name": "Huyện Bảo Lạc"
  },
  {
    "_id": 44,
    "provinceId": 4,
    "name": "Huyện Thông Nông"
  },
  {
    "_id": 45,
    "provinceId": 4,
    "name": "Huyện Hà Quảng"
  },
  {
    "_id": 46,
    "provinceId": 4,
    "name": "Huyện Trà Lĩnh"
  },
  {
    "_id": 47,
    "provinceId": 4,
    "name": "Huyện Trùng Khánh"
  },
  {
    "_id": 48,
    "provinceId": 4,
    "name": "Huyện Hạ Lang"
  },
  {
    "_id": 49,
    "provinceId": 4,
    "name": "Huyện Quảng Uyên"
  },
  {
    "_id": 50,
    "provinceId": 4,
    "name": "Huyện Phục Hoà"
  },
  {
    "_id": 51,
    "provinceId": 4,
    "name": "Huyện Hoà An"
  },
  {
    "_id": 52,
    "provinceId": 4,
    "name": "Huyện Nguyên Bình"
  },
  {
    "_id": 53,
    "provinceId": 4,
    "name": "Huyện Thạch An"
  },
  {
    "_id": 58,
    "provinceId": 6,
    "name": "Thành Phố Bắc Kạn"
  },
  {
    "_id": 60,
    "provinceId": 6,
    "name": "Huyện Pác Nặm"
  },
  {
    "_id": 61,
    "provinceId": 6,
    "name": "Huyện Ba Bể"
  },
  {
    "_id": 62,
    "provinceId": 6,
    "name": "Huyện Ngân Sơn"
  },
  {
    "_id": 63,
    "provinceId": 6,
    "name": "Huyện Bạch Thông"
  },
  {
    "_id": 64,
    "provinceId": 6,
    "name": "Huyện Chợ Đồn"
  },
  {
    "_id": 65,
    "provinceId": 6,
    "name": "Huyện Chợ Mới"
  },
  {
    "_id": 66,
    "provinceId": 6,
    "name": "Huyện Na Rì"
  },
  {
    "_id": 70,
    "provinceId": 8,
    "name": "Thành phố Tuyên Quang"
  },
  {
    "_id": 71,
    "provinceId": 8,
    "name": "Huyện Lâm Bình"
  },
  {
    "_id": 72,
    "provinceId": 8,
    "name": "Huyện Nà Hang"
  },
  {
    "_id": 73,
    "provinceId": 8,
    "name": "Huyện Chiêm Hóa"
  },
  {
    "_id": 74,
    "provinceId": 8,
    "name": "Huyện Hàm Yên"
  },
  {
    "_id": 75,
    "provinceId": 8,
    "name": "Huyện Yên Sơn"
  },
  {
    "_id": 76,
    "provinceId": 8,
    "name": "Huyện Sơn Dương"
  },
  {
    "_id": 80,
    "provinceId": 10,
    "name": "Thành phố Lào Cai"
  },
  {
    "_id": 82,
    "provinceId": 10,
    "name": "Huyện Bát Xát"
  },
  {
    "_id": 83,
    "provinceId": 10,
    "name": "Huyện Mường Khương"
  },
  {
    "_id": 84,
    "provinceId": 10,
    "name": "Huyện Si Ma Cai"
  },
  {
    "_id": 85,
    "provinceId": 10,
    "name": "Huyện Bắc Hà"
  },
  {
    "_id": 86,
    "provinceId": 10,
    "name": "Huyện Bảo Thắng"
  },
  {
    "_id": 87,
    "provinceId": 10,
    "name": "Huyện Bảo Yên"
  },
  {
    "_id": 88,
    "provinceId": 10,
    "name": "Huyện Sa Pa"
  },
  {
    "_id": 89,
    "provinceId": 10,
    "name": "Huyện Văn Bàn"
  },
  {
    "_id": 94,
    "provinceId": 11,
    "name": "Thành phố Điện Biên Phủ"
  },
  {
    "_id": 95,
    "provinceId": 11,
    "name": "Thị Xã Mường Lay"
  },
  {
    "_id": 96,
    "provinceId": 11,
    "name": "Huyện Mường Nhé"
  },
  {
    "_id": 97,
    "provinceId": 11,
    "name": "Huyện Mường Chà"
  },
  {
    "_id": 98,
    "provinceId": 11,
    "name": "Huyện Tủa Chùa"
  },
  {
    "_id": 99,
    "provinceId": 11,
    "name": "Huyện Tuần Giáo"
  },
  {
    "_id": 100,
    "provinceId": 11,
    "name": "Huyện Điện Biên"
  },
  {
    "_id": 101,
    "provinceId": 11,
    "name": "Huyện Điện Biên Đông"
  },
  {
    "_id": 102,
    "provinceId": 11,
    "name": "Huyện Mường Ảng"
  },
  {
    "_id": 103,
    "provinceId": 11,
    "name": "Huyện Nậm Pồ"
  },
  {
    "_id": 105,
    "provinceId": 12,
    "name": "Thành phố Lai Châu"
  },
  {
    "_id": 106,
    "provinceId": 12,
    "name": "Huyện Tam Đường"
  },
  {
    "_id": 107,
    "provinceId": 12,
    "name": "Huyện Mường Tè"
  },
  {
    "_id": 108,
    "provinceId": 12,
    "name": "Huyện Sìn Hồ"
  },
  {
    "_id": 109,
    "provinceId": 12,
    "name": "Huyện Phong Thổ"
  },
  {
    "_id": 110,
    "provinceId": 12,
    "name": "Huyện Than Uyên"
  },
  {
    "_id": 111,
    "provinceId": 12,
    "name": "Huyện Tân Uyên"
  },
  {
    "_id": 112,
    "provinceId": 12,
    "name": "Huyện Nậm Nhùn"
  },
  {
    "_id": 116,
    "provinceId": 14,
    "name": "Thành phố Sơn La"
  },
  {
    "_id": 118,
    "provinceId": 14,
    "name": "Huyện Quỳnh Nhai"
  },
  {
    "_id": 119,
    "provinceId": 14,
    "name": "Huyện Thuận Châu"
  },
  {
    "_id": 120,
    "provinceId": 14,
    "name": "Huyện Mường La"
  },
  {
    "_id": 121,
    "provinceId": 14,
    "name": "Huyện Bắc Yên"
  },
  {
    "_id": 122,
    "provinceId": 14,
    "name": "Huyện Phù Yên"
  },
  {
    "_id": 123,
    "provinceId": 14,
    "name": "Huyện Mộc Châu"
  },
  {
    "_id": 124,
    "provinceId": 14,
    "name": "Huyện Yên Châu"
  },
  {
    "_id": 125,
    "provinceId": 14,
    "name": "Huyện Mai Sơn"
  },
  {
    "_id": 126,
    "provinceId": 14,
    "name": "Huyện Sông Mã"
  },
  {
    "_id": 127,
    "provinceId": 14,
    "name": "Huyện Sốp Cộp"
  },
  {
    "_id": 128,
    "provinceId": 14,
    "name": "Huyện Vân Hồ"
  },
  {
    "_id": 132,
    "provinceId": 15,
    "name": "Thành phố Yên Bái"
  },
  {
    "_id": 133,
    "provinceId": 15,
    "name": "Thị xã Nghĩa Lộ"
  },
  {
    "_id": 135,
    "provinceId": 15,
    "name": "Huyện Lục Yên"
  },
  {
    "_id": 136,
    "provinceId": 15,
    "name": "Huyện Văn Yên"
  },
  {
    "_id": 137,
    "provinceId": 15,
    "name": "Huyện Mù Căng Chải"
  },
  {
    "_id": 138,
    "provinceId": 15,
    "name": "Huyện Trấn Yên"
  },
  {
    "_id": 139,
    "provinceId": 15,
    "name": "Huyện Trạm Tấu"
  },
  {
    "_id": 140,
    "provinceId": 15,
    "name": "Huyện Văn Chấn"
  },
  {
    "_id": 141,
    "provinceId": 15,
    "name": "Huyện Yên Bình"
  },
  {
    "_id": 148,
    "provinceId": 17,
    "name": "Thành phố Hòa Bình"
  },
  {
    "_id": 150,
    "provinceId": 17,
    "name": "Huyện Đà Bắc"
  },
  {
    "_id": 151,
    "provinceId": 17,
    "name": "Huyện Kỳ Sơn"
  },
  {
    "_id": 152,
    "provinceId": 17,
    "name": "Huyện Lương Sơn"
  },
  {
    "_id": 153,
    "provinceId": 17,
    "name": "Huyện Kim Bôi"
  },
  {
    "_id": 154,
    "provinceId": 17,
    "name": "Huyện Cao Phong"
  },
  {
    "_id": 155,
    "provinceId": 17,
    "name": "Huyện Tân Lạc"
  },
  {
    "_id": 156,
    "provinceId": 17,
    "name": "Huyện Mai Châu"
  },
  {
    "_id": 157,
    "provinceId": 17,
    "name": "Huyện Lạc Sơn"
  },
  {
    "_id": 158,
    "provinceId": 17,
    "name": "Huyện Yên Thủy"
  },
  {
    "_id": 159,
    "provinceId": 17,
    "name": "Huyện Lạc Thủy"
  },
  {
    "_id": 164,
    "provinceId": 19,
    "name": "Thành phố Thái Nguyên"
  },
  {
    "_id": 165,
    "provinceId": 19,
    "name": "Thành phố Sông Công"
  },
  {
    "_id": 167,
    "provinceId": 19,
    "name": "Huyện Định Hóa"
  },
  {
    "_id": 168,
    "provinceId": 19,
    "name": "Huyện Phú Lương"
  },
  {
    "_id": 169,
    "provinceId": 19,
    "name": "Huyện Đồng Hỷ"
  },
  {
    "_id": 170,
    "provinceId": 19,
    "name": "Huyện Võ Nhai"
  },
  {
    "_id": 171,
    "provinceId": 19,
    "name": "Huyện Đại Từ"
  },
  {
    "_id": 172,
    "provinceId": 19,
    "name": "Thị xã Phổ Yên"
  },
  {
    "_id": 173,
    "provinceId": 19,
    "name": "Huyện Phú Bình"
  },
  {
    "_id": 178,
    "provinceId": 20,
    "name": "Thành phố Lạng Sơn"
  },
  {
    "_id": 180,
    "provinceId": 20,
    "name": "Huyện Tràng Định"
  },
  {
    "_id": 181,
    "provinceId": 20,
    "name": "Huyện Bình Gia"
  },
  {
    "_id": 182,
    "provinceId": 20,
    "name": "Huyện Văn Lãng"
  },
  {
    "_id": 183,
    "provinceId": 20,
    "name": "Huyện Cao Lộc"
  },
  {
    "_id": 184,
    "provinceId": 20,
    "name": "Huyện Văn Quan"
  },
  {
    "_id": 185,
    "provinceId": 20,
    "name": "Huyện Bắc Sơn"
  },
  {
    "_id": 186,
    "provinceId": 20,
    "name": "Huyện Hữu Lũng"
  },
  {
    "_id": 187,
    "provinceId": 20,
    "name": "Huyện Chi Lăng"
  },
  {
    "_id": 188,
    "provinceId": 20,
    "name": "Huyện Lộc Bình"
  },
  {
    "_id": 189,
    "provinceId": 20,
    "name": "Huyện Đình Lập"
  },
  {
    "_id": 193,
    "provinceId": 22,
    "name": "Thành phố Hạ Long"
  },
  {
    "_id": 194,
    "provinceId": 22,
    "name": "Thành phố Móng Cái"
  },
  {
    "_id": 195,
    "provinceId": 22,
    "name": "Thành phố Cẩm Phả"
  },
  {
    "_id": 196,
    "provinceId": 22,
    "name": "Thành phố Uông Bí"
  },
  {
    "_id": 198,
    "provinceId": 22,
    "name": "Huyện Bình Liêu"
  },
  {
    "_id": 199,
    "provinceId": 22,
    "name": "Huyện Tiên Yên"
  },
  {
    "_id": 200,
    "provinceId": 22,
    "name": "Huyện Đầm Hà"
  },
  {
    "_id": 201,
    "provinceId": 22,
    "name": "Huyện Hải Hà"
  },
  {
    "_id": 202,
    "provinceId": 22,
    "name": "Huyện Ba Chẽ"
  },
  {
    "_id": 203,
    "provinceId": 22,
    "name": "Huyện Vân Đồn"
  },
  {
    "_id": 204,
    "provinceId": 22,
    "name": "Huyện Hoành Bồ"
  },
  {
    "_id": 205,
    "provinceId": 22,
    "name": "Thị xã Đông Triều"
  },
  {
    "_id": 206,
    "provinceId": 22,
    "name": "Thị xã Quảng Yên"
  },
  {
    "_id": 207,
    "provinceId": 22,
    "name": "Huyện Cô Tô"
  },
  {
    "_id": 213,
    "provinceId": 24,
    "name": "Thành phố Bắc Giang"
  },
  {
    "_id": 215,
    "provinceId": 24,
    "name": "Huyện Yên Thế"
  },
  {
    "_id": 216,
    "provinceId": 24,
    "name": "Huyện Tân Yên"
  },
  {
    "_id": 217,
    "provinceId": 24,
    "name": "Huyện Lạng Giang"
  },
  {
    "_id": 218,
    "provinceId": 24,
    "name": "Huyện Lục Nam"
  },
  {
    "_id": 219,
    "provinceId": 24,
    "name": "Huyện Lục Ngạn"
  },
  {
    "_id": 220,
    "provinceId": 24,
    "name": "Huyện Sơn Động"
  },
  {
    "_id": 221,
    "provinceId": 24,
    "name": "Huyện Yên Dũng"
  },
  {
    "_id": 222,
    "provinceId": 24,
    "name": "Huyện Việt Yên"
  },
  {
    "_id": 223,
    "provinceId": 24,
    "name": "Huyện Hiệp Hòa"
  },
  {
    "_id": 227,
    "provinceId": 25,
    "name": "Thành phố Việt Trì"
  },
  {
    "_id": 228,
    "provinceId": 25,
    "name": "Thị xã Phú Thọ"
  },
  {
    "_id": 230,
    "provinceId": 25,
    "name": "Huyện Đoan Hùng"
  },
  {
    "_id": 231,
    "provinceId": 25,
    "name": "Huyện Hạ Hoà"
  },
  {
    "_id": 232,
    "provinceId": 25,
    "name": "Huyện Thanh Ba"
  },
  {
    "_id": 233,
    "provinceId": 25,
    "name": "Huyện Phù Ninh"
  },
  {
    "_id": 234,
    "provinceId": 25,
    "name": "Huyện Yên Lập"
  },
  {
    "_id": 235,
    "provinceId": 25,
    "name": "Huyện Cẩm Khê"
  },
  {
    "_id": 236,
    "provinceId": 25,
    "name": "Huyện Tam Nông"
  },
  {
    "_id": 237,
    "provinceId": 25,
    "name": "Huyện Lâm Thao"
  },
  {
    "_id": 238,
    "provinceId": 25,
    "name": "Huyện Thanh Sơn"
  },
  {
    "_id": 239,
    "provinceId": 25,
    "name": "Huyện Thanh Thuỷ"
  },
  {
    "_id": 240,
    "provinceId": 25,
    "name": "Huyện Tân Sơn"
  },
  {
    "_id": 243,
    "provinceId": 26,
    "name": "Thành phố Vĩnh Yên"
  },
  {
    "_id": 244,
    "provinceId": 26,
    "name": "Thành phố Phúc Yên"
  },
  {
    "_id": 246,
    "provinceId": 26,
    "name": "Huyện Lập Thạch"
  },
  {
    "_id": 247,
    "provinceId": 26,
    "name": "Huyện Tam Dương"
  },
  {
    "_id": 248,
    "provinceId": 26,
    "name": "Huyện Tam Đảo"
  },
  {
    "_id": 249,
    "provinceId": 26,
    "name": "Huyện Bình Xuyên"
  },
  {
    "_id": 250,
    "provinceId": 1,
    "name": "Huyện Mê Linh"
  },
  {
    "_id": 251,
    "provinceId": 26,
    "name": "Huyện Yên Lạc"
  },
  {
    "_id": 252,
    "provinceId": 26,
    "name": "Huyện Vĩnh Tường"
  },
  {
    "_id": 253,
    "provinceId": 26,
    "name": "Huyện Sông Lô"
  },
  {
    "_id": 256,
    "provinceId": 27,
    "name": "Thành phố Bắc Ninh"
  },
  {
    "_id": 258,
    "provinceId": 27,
    "name": "Huyện Yên Phong"
  },
  {
    "_id": 259,
    "provinceId": 27,
    "name": "Huyện Quế Võ"
  },
  {
    "_id": 260,
    "provinceId": 27,
    "name": "Huyện Tiên Du"
  },
  {
    "_id": 261,
    "provinceId": 27,
    "name": "Thị xã Từ Sơn"
  },
  {
    "_id": 262,
    "provinceId": 27,
    "name": "Huyện Thuận Thành"
  },
  {
    "_id": 263,
    "provinceId": 27,
    "name": "Huyện Gia Bình"
  },
  {
    "_id": 264,
    "provinceId": 27,
    "name": "Huyện Lương Tài"
  },
  {
    "_id": 268,
    "provinceId": 1,
    "name": "Quận Hà Đông"
  },
  {
    "_id": 269,
    "provinceId": 1,
    "name": "Thị xã Sơn Tây"
  },
  {
    "_id": 271,
    "provinceId": 1,
    "name": "Huyện Ba Vì"
  },
  {
    "_id": 272,
    "provinceId": 1,
    "name": "Huyện Phúc Thọ"
  },
  {
    "_id": 273,
    "provinceId": 1,
    "name": "Huyện Đan Phượng"
  },
  {
    "_id": 274,
    "provinceId": 1,
    "name": "Huyện Hoài Đức"
  },
  {
    "_id": 275,
    "provinceId": 1,
    "name": "Huyện Quốc Oai"
  },
  {
    "_id": 276,
    "provinceId": 1,
    "name": "Huyện Thạch Thất"
  },
  {
    "_id": 277,
    "provinceId": 1,
    "name": "Huyện Chương Mỹ"
  },
  {
    "_id": 278,
    "provinceId": 1,
    "name": "Huyện Thanh Oai"
  },
  {
    "_id": 279,
    "provinceId": 1,
    "name": "Huyện Thường Tín"
  },
  {
    "_id": 280,
    "provinceId": 1,
    "name": "Huyện Phú Xuyên"
  },
  {
    "_id": 281,
    "provinceId": 1,
    "name": "Huyện Ứng Hòa"
  },
  {
    "_id": 282,
    "provinceId": 1,
    "name": "Huyện Mỹ Đức"
  },
  {
    "_id": 288,
    "provinceId": 30,
    "name": "Thành phố Hải Dương"
  },
  {
    "_id": 290,
    "provinceId": 30,
    "name": "Thành phố Chí Linh"
  },
  {
    "_id": 291,
    "provinceId": 30,
    "name": "Huyện Nam Sách"
  },
  {
    "_id": 292,
    "provinceId": 30,
    "name": "Huyện Kinh Môn"
  },
  {
    "_id": 293,
    "provinceId": 30,
    "name": "Huyện Kim Thành"
  },
  {
    "_id": 294,
    "provinceId": 30,
    "name": "Huyện Thanh Hà"
  },
  {
    "_id": 295,
    "provinceId": 30,
    "name": "Huyện Cẩm Giàng"
  },
  {
    "_id": 296,
    "provinceId": 30,
    "name": "Huyện Bình Giang"
  },
  {
    "_id": 297,
    "provinceId": 30,
    "name": "Huyện Gia Lộc"
  },
  {
    "_id": 298,
    "provinceId": 30,
    "name": "Huyện Tứ Kỳ"
  },
  {
    "_id": 299,
    "provinceId": 30,
    "name": "Huyện Ninh Giang"
  },
  {
    "_id": 300,
    "provinceId": 30,
    "name": "Huyện Thanh Miện"
  },
  {
    "_id": 303,
    "provinceId": 31,
    "name": "Quận Hồng Bàng"
  },
  {
    "_id": 304,
    "provinceId": 31,
    "name": "Quận Ngô Quyền"
  },
  {
    "_id": 305,
    "provinceId": 31,
    "name": "Quận Lê Chân"
  },
  {
    "_id": 306,
    "provinceId": 31,
    "name": "Quận Hải An"
  },
  {
    "_id": 307,
    "provinceId": 31,
    "name": "Quận Kiến An"
  },
  {
    "_id": 308,
    "provinceId": 31,
    "name": "Quận Đồ Sơn"
  },
  {
    "_id": 309,
    "provinceId": 31,
    "name": "Quận Dương Kinh"
  },
  {
    "_id": 311,
    "provinceId": 31,
    "name": "Huyện Thuỷ Nguyên"
  },
  {
    "_id": 312,
    "provinceId": 31,
    "name": "Huyện An Dương"
  },
  {
    "_id": 313,
    "provinceId": 31,
    "name": "Huyện An Lão"
  },
  {
    "_id": 314,
    "provinceId": 31,
    "name": "Huyện Kiến Thuỵ"
  },
  {
    "_id": 315,
    "provinceId": 31,
    "name": "Huyện Tiên Lãng"
  },
  {
    "_id": 316,
    "provinceId": 31,
    "name": "Huyện Vĩnh Bảo"
  },
  {
    "_id": 317,
    "provinceId": 31,
    "name": "Huyện Cát Hải"
  },
  {
    "_id": 318,
    "provinceId": 31,
    "name": "Huyện Bạch Long Vĩ"
  },
  {
    "_id": 323,
    "provinceId": 33,
    "name": "Thành phố Hưng Yên"
  },
  {
    "_id": 325,
    "provinceId": 33,
    "name": "Huyện Văn Lâm"
  },
  {
    "_id": 326,
    "provinceId": 33,
    "name": "Huyện Văn Giang"
  },
  {
    "_id": 327,
    "provinceId": 33,
    "name": "Huyện Yên Mỹ"
  },
  {
    "_id": 328,
    "provinceId": 33,
    "name": "Huyện Mỹ Hào"
  },
  {
    "_id": 329,
    "provinceId": 33,
    "name": "Huyện Ân Thi"
  },
  {
    "_id": 330,
    "provinceId": 33,
    "name": "Huyện Khoái Châu"
  },
  {
    "_id": 331,
    "provinceId": 33,
    "name": "Huyện Kim Động"
  },
  {
    "_id": 332,
    "provinceId": 33,
    "name": "Huyện Tiên Lữ"
  },
  {
    "_id": 333,
    "provinceId": 33,
    "name": "Huyện Phù Cừ"
  },
  {
    "_id": 336,
    "provinceId": 34,
    "name": "Thành phố Thái Bình"
  },
  {
    "_id": 338,
    "provinceId": 34,
    "name": "Huyện Quỳnh Phụ"
  },
  {
    "_id": 339,
    "provinceId": 34,
    "name": "Huyện Hưng Hà"
  },
  {
    "_id": 340,
    "provinceId": 34,
    "name": "Huyện Đông Hưng"
  },
  {
    "_id": 341,
    "provinceId": 34,
    "name": "Huyện Thái Thụy"
  },
  {
    "_id": 342,
    "provinceId": 34,
    "name": "Huyện Tiền Hải"
  },
  {
    "_id": 343,
    "provinceId": 34,
    "name": "Huyện Kiến Xương"
  },
  {
    "_id": 344,
    "provinceId": 34,
    "name": "Huyện Vũ Thư"
  },
  {
    "_id": 347,
    "provinceId": 35,
    "name": "Thành phố Phủ Lý"
  },
  {
    "_id": 349,
    "provinceId": 35,
    "name": "Huyện Duy Tiên"
  },
  {
    "_id": 350,
    "provinceId": 35,
    "name": "Huyện Kim Bảng"
  },
  {
    "_id": 351,
    "provinceId": 35,
    "name": "Huyện Thanh Liêm"
  },
  {
    "_id": 352,
    "provinceId": 35,
    "name": "Huyện Bình Lục"
  },
  {
    "_id": 353,
    "provinceId": 35,
    "name": "Huyện Lý Nhân"
  },
  {
    "_id": 356,
    "provinceId": 36,
    "name": "Thành phố Nam Định"
  },
  {
    "_id": 358,
    "provinceId": 36,
    "name": "Huyện Mỹ Lộc"
  },
  {
    "_id": 359,
    "provinceId": 36,
    "name": "Huyện Vụ Bản"
  },
  {
    "_id": 360,
    "provinceId": 36,
    "name": "Huyện Ý Yên"
  },
  {
    "_id": 361,
    "provinceId": 36,
    "name": "Huyện Nghĩa Hưng"
  },
  {
    "_id": 362,
    "provinceId": 36,
    "name": "Huyện Nam Trực"
  },
  {
    "_id": 363,
    "provinceId": 36,
    "name": "Huyện Trực Ninh"
  },
  {
    "_id": 364,
    "provinceId": 36,
    "name": "Huyện Xuân Trường"
  },
  {
    "_id": 365,
    "provinceId": 36,
    "name": "Huyện Giao Thủy"
  },
  {
    "_id": 366,
    "provinceId": 36,
    "name": "Huyện Hải Hậu"
  },
  {
    "_id": 369,
    "provinceId": 37,
    "name": "Thành phố Ninh Bình"
  },
  {
    "_id": 370,
    "provinceId": 37,
    "name": "Thành phố Tam Điệp"
  },
  {
    "_id": 372,
    "provinceId": 37,
    "name": "Huyện Nho Quan"
  },
  {
    "_id": 373,
    "provinceId": 37,
    "name": "Huyện Gia Viễn"
  },
  {
    "_id": 374,
    "provinceId": 37,
    "name": "Huyện Hoa Lư"
  },
  {
    "_id": 375,
    "provinceId": 37,
    "name": "Huyện Yên Khánh"
  },
  {
    "_id": 376,
    "provinceId": 37,
    "name": "Huyện Kim Sơn"
  },
  {
    "_id": 377,
    "provinceId": 37,
    "name": "Huyện Yên Mô"
  },
  {
    "_id": 380,
    "provinceId": 38,
    "name": "Thành phố Thanh Hóa"
  },
  {
    "_id": 381,
    "provinceId": 38,
    "name": "Thị xã Bỉm Sơn"
  },
  {
    "_id": 382,
    "provinceId": 38,
    "name": "Thành phố Sầm Sơn"
  },
  {
    "_id": 384,
    "provinceId": 38,
    "name": "Huyện Mường Lát"
  },
  {
    "_id": 385,
    "provinceId": 38,
    "name": "Huyện Quan Hóa"
  },
  {
    "_id": 386,
    "provinceId": 38,
    "name": "Huyện Bá Thước"
  },
  {
    "_id": 387,
    "provinceId": 38,
    "name": "Huyện Quan Sơn"
  },
  {
    "_id": 388,
    "provinceId": 38,
    "name": "Huyện Lang Chánh"
  },
  {
    "_id": 389,
    "provinceId": 38,
    "name": "Huyện Ngọc Lặc"
  },
  {
    "_id": 390,
    "provinceId": 38,
    "name": "Huyện Cẩm Thủy"
  },
  {
    "_id": 391,
    "provinceId": 38,
    "name": "Huyện Thạch Thành"
  },
  {
    "_id": 392,
    "provinceId": 38,
    "name": "Huyện Hà Trung"
  },
  {
    "_id": 393,
    "provinceId": 38,
    "name": "Huyện Vĩnh Lộc"
  },
  {
    "_id": 394,
    "provinceId": 38,
    "name": "Huyện Yên Định"
  },
  {
    "_id": 395,
    "provinceId": 38,
    "name": "Huyện Thọ Xuân"
  },
  {
    "_id": 396,
    "provinceId": 38,
    "name": "Huyện Thường Xuân"
  },
  {
    "_id": 397,
    "provinceId": 38,
    "name": "Huyện Triệu Sơn"
  },
  {
    "_id": 398,
    "provinceId": 38,
    "name": "Huyện Thiệu Hóa"
  },
  {
    "_id": 399,
    "provinceId": 38,
    "name": "Huyện Hoằng Hóa"
  },
  {
    "_id": 400,
    "provinceId": 38,
    "name": "Huyện Hậu Lộc"
  },
  {
    "_id": 401,
    "provinceId": 38,
    "name": "Huyện Nga Sơn"
  },
  {
    "_id": 402,
    "provinceId": 38,
    "name": "Huyện Như Xuân"
  },
  {
    "_id": 403,
    "provinceId": 38,
    "name": "Huyện Như Thanh"
  },
  {
    "_id": 404,
    "provinceId": 38,
    "name": "Huyện Nông Cống"
  },
  {
    "_id": 405,
    "provinceId": 38,
    "name": "Huyện Đông Sơn"
  },
  {
    "_id": 406,
    "provinceId": 38,
    "name": "Huyện Quảng Xương"
  },
  {
    "_id": 407,
    "provinceId": 38,
    "name": "Huyện Tĩnh Gia"
  },
  {
    "_id": 412,
    "provinceId": 40,
    "name": "Thành phố Vinh"
  },
  {
    "_id": 413,
    "provinceId": 40,
    "name": "Thị xã Cửa Lò"
  },
  {
    "_id": 414,
    "provinceId": 40,
    "name": "Thị xã Thái Hoà"
  },
  {
    "_id": 415,
    "provinceId": 40,
    "name": "Huyện Quế Phong"
  },
  {
    "_id": 416,
    "provinceId": 40,
    "name": "Huyện Quỳ Châu"
  },
  {
    "_id": 417,
    "provinceId": 40,
    "name": "Huyện Kỳ Sơn"
  },
  {
    "_id": 418,
    "provinceId": 40,
    "name": "Huyện Tương Dương"
  },
  {
    "_id": 419,
    "provinceId": 40,
    "name": "Huyện Nghĩa Đàn"
  },
  {
    "_id": 420,
    "provinceId": 40,
    "name": "Huyện Quỳ Hợp"
  },
  {
    "_id": 421,
    "provinceId": 40,
    "name": "Huyện Quỳnh Lưu"
  },
  {
    "_id": 422,
    "provinceId": 40,
    "name": "Huyện Con Cuông"
  },
  {
    "_id": 423,
    "provinceId": 40,
    "name": "Huyện Tân Kỳ"
  },
  {
    "_id": 424,
    "provinceId": 40,
    "name": "Huyện Anh Sơn"
  },
  {
    "_id": 425,
    "provinceId": 40,
    "name": "Huyện Diễn Châu"
  },
  {
    "_id": 426,
    "provinceId": 40,
    "name": "Huyện Yên Thành"
  },
  {
    "_id": 427,
    "provinceId": 40,
    "name": "Huyện Đô Lương"
  },
  {
    "_id": 428,
    "provinceId": 40,
    "name": "Huyện Thanh Chương"
  },
  {
    "_id": 429,
    "provinceId": 40,
    "name": "Huyện Nghi Lộc"
  },
  {
    "_id": 430,
    "provinceId": 40,
    "name": "Huyện Nam Đàn"
  },
  {
    "_id": 431,
    "provinceId": 40,
    "name": "Huyện Hưng Nguyên"
  },
  {
    "_id": 432,
    "provinceId": 40,
    "name": "Thị xã Hoàng Mai"
  },
  {
    "_id": 436,
    "provinceId": 42,
    "name": "Thành phố Hà Tĩnh"
  },
  {
    "_id": 437,
    "provinceId": 42,
    "name": "Thị xã Hồng Lĩnh"
  },
  {
    "_id": 439,
    "provinceId": 42,
    "name": "Huyện Hương Sơn"
  },
  {
    "_id": 440,
    "provinceId": 42,
    "name": "Huyện Đức Thọ"
  },
  {
    "_id": 441,
    "provinceId": 42,
    "name": "Huyện Vũ Quang"
  },
  {
    "_id": 442,
    "provinceId": 42,
    "name": "Huyện Nghi Xuân"
  },
  {
    "_id": 443,
    "provinceId": 42,
    "name": "Huyện Can Lộc"
  },
  {
    "_id": 444,
    "provinceId": 42,
    "name": "Huyện Hương Khê"
  },
  {
    "_id": 445,
    "provinceId": 42,
    "name": "Huyện Thạch Hà"
  },
  {
    "_id": 446,
    "provinceId": 42,
    "name": "Huyện Cẩm Xuyên"
  },
  {
    "_id": 447,
    "provinceId": 42,
    "name": "Huyện Kỳ Anh"
  },
  {
    "_id": 448,
    "provinceId": 42,
    "name": "Huyện Lộc Hà"
  },
  {
    "_id": 449,
    "provinceId": 42,
    "name": "Thị xã Kỳ Anh"
  },
  {
    "_id": 450,
    "provinceId": 44,
    "name": "Thành Phố Đồng Hới"
  },
  {
    "_id": 452,
    "provinceId": 44,
    "name": "Huyện Minh Hóa"
  },
  {
    "_id": 453,
    "provinceId": 44,
    "name": "Huyện Tuyên Hóa"
  },
  {
    "_id": 454,
    "provinceId": 44,
    "name": "Huyện Quảng Trạch"
  },
  {
    "_id": 455,
    "provinceId": 44,
    "name": "Huyện Bố Trạch"
  },
  {
    "_id": 456,
    "provinceId": 44,
    "name": "Huyện Quảng Ninh"
  },
  {
    "_id": 457,
    "provinceId": 44,
    "name": "Huyện Lệ Thủy"
  },
  {
    "_id": 458,
    "provinceId": 44,
    "name": "Thị xã Ba Đồn"
  },
  {
    "_id": 461,
    "provinceId": 45,
    "name": "Thành phố Đông Hà"
  },
  {
    "_id": 462,
    "provinceId": 45,
    "name": "Thị xã Quảng Trị"
  },
  {
    "_id": 464,
    "provinceId": 45,
    "name": "Huyện Vĩnh Linh"
  },
  {
    "_id": 465,
    "provinceId": 45,
    "name": "Huyện Hướng Hóa"
  },
  {
    "_id": 466,
    "provinceId": 45,
    "name": "Huyện Gio Linh"
  },
  {
    "_id": 467,
    "provinceId": 45,
    "name": "Huyện Đa Krông"
  },
  {
    "_id": 468,
    "provinceId": 45,
    "name": "Huyện Cam Lộ"
  },
  {
    "_id": 469,
    "provinceId": 45,
    "name": "Huyện Triệu Phong"
  },
  {
    "_id": 470,
    "provinceId": 45,
    "name": "Huyện Hải Lăng"
  },
  {
    "_id": 471,
    "provinceId": 45,
    "name": "Huyện Cồn Cỏ"
  },
  {
    "_id": 474,
    "provinceId": 46,
    "name": "Thành phố Huế"
  },
  {
    "_id": 476,
    "provinceId": 46,
    "name": "Huyện Phong Điền"
  },
  {
    "_id": 477,
    "provinceId": 46,
    "name": "Huyện Quảng Điền"
  },
  {
    "_id": 478,
    "provinceId": 46,
    "name": "Huyện Phú Vang"
  },
  {
    "_id": 479,
    "provinceId": 46,
    "name": "Thị xã Hương Thủy"
  },
  {
    "_id": 480,
    "provinceId": 46,
    "name": "Thị xã Hương Trà"
  },
  {
    "_id": 481,
    "provinceId": 46,
    "name": "Huyện A Lưới"
  },
  {
    "_id": 482,
    "provinceId": 46,
    "name": "Huyện Phú Lộc"
  },
  {
    "_id": 483,
    "provinceId": 46,
    "name": "Huyện Nam Đông"
  },
  {
    "_id": 490,
    "provinceId": 48,
    "name": "Quận Liên Chiểu"
  },
  {
    "_id": 491,
    "provinceId": 48,
    "name": "Quận Thanh Khê"
  },
  {
    "_id": 492,
    "provinceId": 48,
    "name": "Quận Hải Châu"
  },
  {
    "_id": 493,
    "provinceId": 48,
    "name": "Quận Sơn Trà"
  },
  {
    "_id": 494,
    "provinceId": 48,
    "name": "Quận Ngũ Hành Sơn"
  },
  {
    "_id": 495,
    "provinceId": 48,
    "name": "Quận Cẩm Lệ"
  },
  {
    "_id": 497,
    "provinceId": 48,
    "name": "Huyện Hòa Vang"
  },
  {
    "_id": 498,
    "provinceId": 48,
    "name": "Huyện Hoàng Sa"
  },
  {
    "_id": 502,
    "provinceId": 49,
    "name": "Thành phố Tam Kỳ"
  },
  {
    "_id": 503,
    "provinceId": 49,
    "name": "Thành phố Hội An"
  },
  {
    "_id": 504,
    "provinceId": 49,
    "name": "Huyện Tây Giang"
  },
  {
    "_id": 505,
    "provinceId": 49,
    "name": "Huyện Đông Giang"
  },
  {
    "_id": 506,
    "provinceId": 49,
    "name": "Huyện Đại Lộc"
  },
  {
    "_id": 507,
    "provinceId": 49,
    "name": "Thị xã Điện Bàn"
  },
  {
    "_id": 508,
    "provinceId": 49,
    "name": "Huyện Duy Xuyên"
  },
  {
    "_id": 509,
    "provinceId": 49,
    "name": "Huyện Quế Sơn"
  },
  {
    "_id": 510,
    "provinceId": 49,
    "name": "Huyện Nam Giang"
  },
  {
    "_id": 511,
    "provinceId": 49,
    "name": "Huyện Phước Sơn"
  },
  {
    "_id": 512,
    "provinceId": 49,
    "name": "Huyện Hiệp Đức"
  },
  {
    "_id": 513,
    "provinceId": 49,
    "name": "Huyện Thăng Bình"
  },
  {
    "_id": 514,
    "provinceId": 49,
    "name": "Huyện Tiên Phước"
  },
  {
    "_id": 515,
    "provinceId": 49,
    "name": "Huyện Bắc Trà My"
  },
  {
    "_id": 516,
    "provinceId": 49,
    "name": "Huyện Nam Trà My"
  },
  {
    "_id": 517,
    "provinceId": 49,
    "name": "Huyện Núi Thành"
  },
  {
    "_id": 518,
    "provinceId": 49,
    "name": "Huyện Phú Ninh"
  },
  {
    "_id": 519,
    "provinceId": 49,
    "name": "Huyện Nông Sơn"
  },
  {
    "_id": 522,
    "provinceId": 51,
    "name": "Thành phố Quảng Ngãi"
  },
  {
    "_id": 524,
    "provinceId": 51,
    "name": "Huyện Bình Sơn"
  },
  {
    "_id": 525,
    "provinceId": 51,
    "name": "Huyện Trà Bồng"
  },
  {
    "_id": 526,
    "provinceId": 51,
    "name": "Huyện Tây Trà"
  },
  {
    "_id": 527,
    "provinceId": 51,
    "name": "Huyện Sơn Tịnh"
  },
  {
    "_id": 528,
    "provinceId": 51,
    "name": "Huyện Tư Nghĩa"
  },
  {
    "_id": 529,
    "provinceId": 51,
    "name": "Huyện Sơn Hà"
  },
  {
    "_id": 530,
    "provinceId": 51,
    "name": "Huyện Sơn Tây"
  },
  {
    "_id": 531,
    "provinceId": 51,
    "name": "Huyện Minh Long"
  },
  {
    "_id": 532,
    "provinceId": 51,
    "name": "Huyện Nghĩa Hành"
  },
  {
    "_id": 533,
    "provinceId": 51,
    "name": "Huyện Mộ Đức"
  },
  {
    "_id": 534,
    "provinceId": 51,
    "name": "Huyện Đức Phổ"
  },
  {
    "_id": 535,
    "provinceId": 51,
    "name": "Huyện Ba Tơ"
  },
  {
    "_id": 536,
    "provinceId": 51,
    "name": "Huyện Lý Sơn"
  },
  {
    "_id": 540,
    "provinceId": 52,
    "name": "Thành phố Quy Nhơn"
  },
  {
    "_id": 542,
    "provinceId": 52,
    "name": "Huyện An Lão"
  },
  {
    "_id": 543,
    "provinceId": 52,
    "name": "Huyện Hoài Nhơn"
  },
  {
    "_id": 544,
    "provinceId": 52,
    "name": "Huyện Hoài Ân"
  },
  {
    "_id": 545,
    "provinceId": 52,
    "name": "Huyện Phù Mỹ"
  },
  {
    "_id": 546,
    "provinceId": 52,
    "name": "Huyện Vĩnh Thạnh"
  },
  {
    "_id": 547,
    "provinceId": 52,
    "name": "Huyện Tây Sơn"
  },
  {
    "_id": 548,
    "provinceId": 52,
    "name": "Huyện Phù Cát"
  },
  {
    "_id": 549,
    "provinceId": 52,
    "name": "Thị xã An Nhơn"
  },
  {
    "_id": 550,
    "provinceId": 52,
    "name": "Huyện Tuy Phước"
  },
  {
    "_id": 551,
    "provinceId": 52,
    "name": "Huyện Vân Canh"
  },
  {
    "_id": 555,
    "provinceId": 54,
    "name": "Thành phố Tuy Hoà"
  },
  {
    "_id": 557,
    "provinceId": 54,
    "name": "Thị xã Sông Cầu"
  },
  {
    "_id": 558,
    "provinceId": 54,
    "name": "Huyện Đồng Xuân"
  },
  {
    "_id": 559,
    "provinceId": 54,
    "name": "Huyện Tuy An"
  },
  {
    "_id": 560,
    "provinceId": 54,
    "name": "Huyện Sơn Hòa"
  },
  {
    "_id": 561,
    "provinceId": 54,
    "name": "Huyện Sông Hinh"
  },
  {
    "_id": 562,
    "provinceId": 54,
    "name": "Huyện Tây Hoà"
  },
  {
    "_id": 563,
    "provinceId": 54,
    "name": "Huyện Phú Hoà"
  },
  {
    "_id": 564,
    "provinceId": 54,
    "name": "Huyện Đông Hòa"
  },
  {
    "_id": 568,
    "provinceId": 56,
    "name": "Thành phố Nha Trang"
  },
  {
    "_id": 569,
    "provinceId": 56,
    "name": "Thành phố Cam Ranh"
  },
  {
    "_id": 570,
    "provinceId": 56,
    "name": "Huyện Cam Lâm"
  },
  {
    "_id": 571,
    "provinceId": 56,
    "name": "Huyện Vạn Ninh"
  },
  {
    "_id": 572,
    "provinceId": 56,
    "name": "Thị xã Ninh Hòa"
  },
  {
    "_id": 573,
    "provinceId": 56,
    "name": "Huyện Khánh Vĩnh"
  },
  {
    "_id": 574,
    "provinceId": 56,
    "name": "Huyện Diên Khánh"
  },
  {
    "_id": 575,
    "provinceId": 56,
    "name": "Huyện Khánh Sơn"
  },
  {
    "_id": 576,
    "provinceId": 56,
    "name": "Huyện Trường Sa"
  },
  {
    "_id": 582,
    "provinceId": 58,
    "name": "Thành phố Phan Rang-Tháp Chàm"
  },
  {
    "_id": 584,
    "provinceId": 58,
    "name": "Huyện Bác Ái"
  },
  {
    "_id": 585,
    "provinceId": 58,
    "name": "Huyện Ninh Sơn"
  },
  {
    "_id": 586,
    "provinceId": 58,
    "name": "Huyện Ninh Hải"
  },
  {
    "_id": 587,
    "provinceId": 58,
    "name": "Huyện Ninh Phước"
  },
  {
    "_id": 588,
    "provinceId": 58,
    "name": "Huyện Thuận Bắc"
  },
  {
    "_id": 589,
    "provinceId": 58,
    "name": "Huyện Thuận Nam"
  },
  {
    "_id": 593,
    "provinceId": 60,
    "name": "Thành phố Phan Thiết"
  },
  {
    "_id": 594,
    "provinceId": 60,
    "name": "Thị xã La Gi"
  },
  {
    "_id": 595,
    "provinceId": 60,
    "name": "Huyện Tuy Phong"
  },
  {
    "_id": 596,
    "provinceId": 60,
    "name": "Huyện Bắc Bình"
  },
  {
    "_id": 597,
    "provinceId": 60,
    "name": "Huyện Hàm Thuận Bắc"
  },
  {
    "_id": 598,
    "provinceId": 60,
    "name": "Huyện Hàm Thuận Nam"
  },
  {
    "_id": 599,
    "provinceId": 60,
    "name": "Huyện Tánh Linh"
  },
  {
    "_id": 600,
    "provinceId": 60,
    "name": "Huyện Đức Linh"
  },
  {
    "_id": 601,
    "provinceId": 60,
    "name": "Huyện Hàm Tân"
  },
  {
    "_id": 602,
    "provinceId": 60,
    "name": "Huyện Phú Quí"
  },
  {
    "_id": 608,
    "provinceId": 62,
    "name": "Thành phố Kon Tum"
  },
  {
    "_id": 610,
    "provinceId": 62,
    "name": "Huyện Đắk Glei"
  },
  {
    "_id": 611,
    "provinceId": 62,
    "name": "Huyện Ngọc Hồi"
  },
  {
    "_id": 612,
    "provinceId": 62,
    "name": "Huyện Đắk Tô"
  },
  {
    "_id": 613,
    "provinceId": 62,
    "name": "Huyện Kon Plông"
  },
  {
    "_id": 614,
    "provinceId": 62,
    "name": "Huyện Kon Rẫy"
  },
  {
    "_id": 615,
    "provinceId": 62,
    "name": "Huyện Đắk Hà"
  },
  {
    "_id": 616,
    "provinceId": 62,
    "name": "Huyện Sa Thầy"
  },
  {
    "_id": 617,
    "provinceId": 62,
    "name": "Huyện Tu Mơ Rông"
  },
  {
    "_id": 618,
    "provinceId": 62,
    "name": "Huyện Ia H' Drai"
  },
  {
    "_id": 622,
    "provinceId": 64,
    "name": "Thành phố Pleiku"
  },
  {
    "_id": 623,
    "provinceId": 64,
    "name": "Thị xã An Khê"
  },
  {
    "_id": 624,
    "provinceId": 64,
    "name": "Thị xã Ayun Pa"
  },
  {
    "_id": 625,
    "provinceId": 64,
    "name": "Huyện KBang"
  },
  {
    "_id": 626,
    "provinceId": 64,
    "name": "Huyện Đăk Đoa"
  },
  {
    "_id": 627,
    "provinceId": 64,
    "name": "Huyện Chư Păh"
  },
  {
    "_id": 628,
    "provinceId": 64,
    "name": "Huyện Ia Grai"
  },
  {
    "_id": 629,
    "provinceId": 64,
    "name": "Huyện Mang Yang"
  },
  {
    "_id": 630,
    "provinceId": 64,
    "name": "Huyện Kông Chro"
  },
  {
    "_id": 631,
    "provinceId": 64,
    "name": "Huyện Đức Cơ"
  },
  {
    "_id": 632,
    "provinceId": 64,
    "name": "Huyện Chư Prông"
  },
  {
    "_id": 633,
    "provinceId": 64,
    "name": "Huyện Chư Sê"
  },
  {
    "_id": 634,
    "provinceId": 64,
    "name": "Huyện Đăk Pơ"
  },
  {
    "_id": 635,
    "provinceId": 64,
    "name": "Huyện Ia Pa"
  },
  {
    "_id": 637,
    "provinceId": 64,
    "name": "Huyện Krông Pa"
  },
  {
    "_id": 638,
    "provinceId": 64,
    "name": "Huyện Phú Thiện"
  },
  {
    "_id": 639,
    "provinceId": 64,
    "name": "Huyện Chư Pưh"
  },
  {
    "_id": 643,
    "provinceId": 66,
    "name": "Thành phố Buôn Ma Thuột"
  },
  {
    "_id": 644,
    "provinceId": 66,
    "name": "Thị Xã Buôn Hồ"
  },
  {
    "_id": 645,
    "provinceId": 66,
    "name": "Huyện Ea H'leo"
  },
  {
    "_id": 646,
    "provinceId": 66,
    "name": "Huyện Ea Súp"
  },
  {
    "_id": 647,
    "provinceId": 66,
    "name": "Huyện Buôn Đôn"
  },
  {
    "_id": 648,
    "provinceId": 66,
    "name": "Huyện Cư M'gar"
  },
  {
    "_id": 649,
    "provinceId": 66,
    "name": "Huyện Krông Búk"
  },
  {
    "_id": 650,
    "provinceId": 66,
    "name": "Huyện Krông Năng"
  },
  {
    "_id": 651,
    "provinceId": 66,
    "name": "Huyện Ea Kar"
  },
  {
    "_id": 652,
    "provinceId": 66,
    "name": "Huyện M'Đrắk"
  },
  {
    "_id": 653,
    "provinceId": 66,
    "name": "Huyện Krông Bông"
  },
  {
    "_id": 654,
    "provinceId": 66,
    "name": "Huyện Krông Pắc"
  },
  {
    "_id": 655,
    "provinceId": 66,
    "name": "Huyện Krông A Na"
  },
  {
    "_id": 656,
    "provinceId": 66,
    "name": "Huyện Lắk"
  },
  {
    "_id": 657,
    "provinceId": 66,
    "name": "Huyện Cư Kuin"
  },
  {
    "_id": 660,
    "provinceId": 67,
    "name": "Thị xã Gia Nghĩa"
  },
  {
    "_id": 661,
    "provinceId": 67,
    "name": "Huyện Đăk Glong"
  },
  {
    "_id": 662,
    "provinceId": 67,
    "name": "Huyện Cư Jút"
  },
  {
    "_id": 663,
    "provinceId": 67,
    "name": "Huyện Đắk Mil"
  },
  {
    "_id": 664,
    "provinceId": 67,
    "name": "Huyện Krông Nô"
  },
  {
    "_id": 665,
    "provinceId": 67,
    "name": "Huyện Đắk Song"
  },
  {
    "_id": 666,
    "provinceId": 67,
    "name": "Huyện Đắk R'Lấp"
  },
  {
    "_id": 667,
    "provinceId": 67,
    "name": "Huyện Tuy Đức"
  },
  {
    "_id": 672,
    "provinceId": 68,
    "name": "Thành phố Đà Lạt"
  },
  {
    "_id": 673,
    "provinceId": 68,
    "name": "Thành phố Bảo Lộc"
  },
  {
    "_id": 674,
    "provinceId": 68,
    "name": "Huyện Đam Rông"
  },
  {
    "_id": 675,
    "provinceId": 68,
    "name": "Huyện Lạc Dương"
  },
  {
    "_id": 676,
    "provinceId": 68,
    "name": "Huyện Lâm Hà"
  },
  {
    "_id": 677,
    "provinceId": 68,
    "name": "Huyện Đơn Dương"
  },
  {
    "_id": 678,
    "provinceId": 68,
    "name": "Huyện Đức Trọng"
  },
  {
    "_id": 679,
    "provinceId": 68,
    "name": "Huyện Di Linh"
  },
  {
    "_id": 680,
    "provinceId": 68,
    "name": "Huyện Bảo Lâm"
  },
  {
    "_id": 681,
    "provinceId": 68,
    "name": "Huyện Đạ Huoai"
  },
  {
    "_id": 682,
    "provinceId": 68,
    "name": "Huyện Đạ Tẻh"
  },
  {
    "_id": 683,
    "provinceId": 68,
    "name": "Huyện Cát Tiên"
  },
  {
    "_id": 688,
    "provinceId": 70,
    "name": "Thị xã Phước Long"
  },
  {
    "_id": 689,
    "provinceId": 70,
    "name": "Thành phố Đồng Xoài"
  },
  {
    "_id": 690,
    "provinceId": 70,
    "name": "Thị xã Bình Long"
  },
  {
    "_id": 691,
    "provinceId": 70,
    "name": "Huyện Bù Gia Mập"
  },
  {
    "_id": 692,
    "provinceId": 70,
    "name": "Huyện Lộc Ninh"
  },
  {
    "_id": 693,
    "provinceId": 70,
    "name": "Huyện Bù Đốp"
  },
  {
    "_id": 694,
    "provinceId": 70,
    "name": "Huyện Hớn Quản"
  },
  {
    "_id": 695,
    "provinceId": 70,
    "name": "Huyện Đồng Phú"
  },
  {
    "_id": 696,
    "provinceId": 70,
    "name": "Huyện Bù Đăng"
  },
  {
    "_id": 697,
    "provinceId": 70,
    "name": "Huyện Chơn Thành"
  },
  {
    "_id": 698,
    "provinceId": 70,
    "name": "Huyện Phú Riềng"
  },
  {
    "_id": 703,
    "provinceId": 72,
    "name": "Thành phố Tây Ninh"
  },
  {
    "_id": 705,
    "provinceId": 72,
    "name": "Huyện Tân Biên"
  },
  {
    "_id": 706,
    "provinceId": 72,
    "name": "Huyện Tân Châu"
  },
  {
    "_id": 707,
    "provinceId": 72,
    "name": "Huyện Dương Minh Châu"
  },
  {
    "_id": 708,
    "provinceId": 72,
    "name": "Huyện Châu Thành"
  },
  {
    "_id": 709,
    "provinceId": 72,
    "name": "Huyện Hòa Thành"
  },
  {
    "_id": 710,
    "provinceId": 72,
    "name": "Huyện Gò Dầu"
  },
  {
    "_id": 711,
    "provinceId": 72,
    "name": "Huyện Bến Cầu"
  },
  {
    "_id": 712,
    "provinceId": 72,
    "name": "Huyện Trảng Bàng"
  },
  {
    "_id": 718,
    "provinceId": 74,
    "name": "Thành phố Thủ Dầu Một"
  },
  {
    "_id": 719,
    "provinceId": 74,
    "name": "Huyện Bàu Bàng"
  },
  {
    "_id": 720,
    "provinceId": 74,
    "name": "Huyện Dầu Tiếng"
  },
  {
    "_id": 721,
    "provinceId": 74,
    "name": "Thị xã Bến Cát"
  },
  {
    "_id": 722,
    "provinceId": 74,
    "name": "Huyện Phú Giáo"
  },
  {
    "_id": 723,
    "provinceId": 74,
    "name": "Thị xã Tân Uyên"
  },
  {
    "_id": 724,
    "provinceId": 74,
    "name": "Thị xã Dĩ An"
  },
  {
    "_id": 725,
    "provinceId": 74,
    "name": "Thị xã Thuận An"
  },
  {
    "_id": 726,
    "provinceId": 74,
    "name": "Huyện Bắc Tân Uyên"
  },
  {
    "_id": 731,
    "provinceId": 75,
    "name": "Thành phố Biên Hòa"
  },
  {
    "_id": 732,
    "provinceId": 75,
    "name": "Thị xã Long Khánh"
  },
  {
    "_id": 734,
    "provinceId": 75,
    "name": "Huyện Tân Phú"
  },
  {
    "_id": 735,
    "provinceId": 75,
    "name": "Huyện Vĩnh Cửu"
  },
  {
    "_id": 736,
    "provinceId": 75,
    "name": "Huyện Định Quán"
  },
  {
    "_id": 737,
    "provinceId": 75,
    "name": "Huyện Trảng Bom"
  },
  {
    "_id": 738,
    "provinceId": 75,
    "name": "Huyện Thống Nhất"
  },
  {
    "_id": 739,
    "provinceId": 75,
    "name": "Huyện Cẩm Mỹ"
  },
  {
    "_id": 740,
    "provinceId": 75,
    "name": "Huyện Long Thành"
  },
  {
    "_id": 741,
    "provinceId": 75,
    "name": "Huyện Xuân Lộc"
  },
  {
    "_id": 742,
    "provinceId": 75,
    "name": "Huyện Nhơn Trạch"
  },
  {
    "_id": 747,
    "provinceId": 77,
    "name": "Thành phố Vũng Tàu"
  },
  {
    "_id": 748,
    "provinceId": 77,
    "name": "Thành phố Bà Rịa"
  },
  {
    "_id": 750,
    "provinceId": 77,
    "name": "Huyện Châu Đức"
  },
  {
    "_id": 751,
    "provinceId": 77,
    "name": "Huyện Xuyên Mộc"
  },
  {
    "_id": 752,
    "provinceId": 77,
    "name": "Huyện Long Điền"
  },
  {
    "_id": 753,
    "provinceId": 77,
    "name": "Huyện Đất Đỏ"
  },
  {
    "_id": 754,
    "provinceId": 77,
    "name": "Thị xã Phú Mỹ"
  },
  {
    "_id": 755,
    "provinceId": 77,
    "name": "Huyện Côn Đảo"
  },
  {
    "_id": 760,
    "provinceId": 79,
    "name": "Quận 1"
  },
  {
    "_id": 761,
    "provinceId": 79,
    "name": "Quận 12"
  },
  {
    "_id": 762,
    "provinceId": 79,
    "name": "Quận Thủ Đức"
  },
  {
    "_id": 763,
    "provinceId": 79,
    "name": "Quận 9"
  },
  {
    "_id": 764,
    "provinceId": 79,
    "name": "Quận Gò Vấp"
  },
  {
    "_id": 765,
    "provinceId": 79,
    "name": "Quận Bình Thạnh"
  },
  {
    "_id": 766,
    "provinceId": 79,
    "name": "Quận Tân Bình"
  },
  {
    "_id": 767,
    "provinceId": 79,
    "name": "Quận Tân Phú"
  },
  {
    "_id": 768,
    "provinceId": 79,
    "name": "Quận Phú Nhuận"
  },
  {
    "_id": 769,
    "provinceId": 79,
    "name": "Quận 2"
  },
  {
    "_id": 770,
    "provinceId": 79,
    "name": "Quận 3"
  },
  {
    "_id": 771,
    "provinceId": 79,
    "name": "Quận 10"
  },
  {
    "_id": 772,
    "provinceId": 79,
    "name": "Quận 11"
  },
  {
    "_id": 773,
    "provinceId": 79,
    "name": "Quận 4"
  },
  {
    "_id": 774,
    "provinceId": 79,
    "name": "Quận 5"
  },
  {
    "_id": 775,
    "provinceId": 79,
    "name": "Quận 6"
  },
  {
    "_id": 776,
    "provinceId": 79,
    "name": "Quận 8"
  },
  {
    "_id": 777,
    "provinceId": 79,
    "name": "Quận Bình Tân"
  },
  {
    "_id": 778,
    "provinceId": 79,
    "name": "Quận 7"
  },
  {
    "_id": 783,
    "provinceId": 79,
    "name": "Huyện Củ Chi"
  },
  {
    "_id": 784,
    "provinceId": 79,
    "name": "Huyện Hóc Môn"
  },
  {
    "_id": 785,
    "provinceId": 79,
    "name": "Huyện Bình Chánh"
  },
  {
    "_id": 786,
    "provinceId": 79,
    "name": "Huyện Nhà Bè"
  },
  {
    "_id": 787,
    "provinceId": 79,
    "name": "Huyện Cần Giờ"
  },
  {
    "_id": 794,
    "provinceId": 80,
    "name": "Thành phố Tân An"
  },
  {
    "_id": 795,
    "provinceId": 80,
    "name": "Thị xã Kiến Tường"
  },
  {
    "_id": 796,
    "provinceId": 80,
    "name": "Huyện Tân Hưng"
  },
  {
    "_id": 797,
    "provinceId": 80,
    "name": "Huyện Vĩnh Hưng"
  },
  {
    "_id": 798,
    "provinceId": 80,
    "name": "Huyện Mộc Hóa"
  },
  {
    "_id": 799,
    "provinceId": 80,
    "name": "Huyện Tân Thạnh"
  },
  {
    "_id": 800,
    "provinceId": 80,
    "name": "Huyện Thạnh Hóa"
  },
  {
    "_id": 801,
    "provinceId": 80,
    "name": "Huyện Đức Huệ"
  },
  {
    "_id": 802,
    "provinceId": 80,
    "name": "Huyện Đức Hòa"
  },
  {
    "_id": 803,
    "provinceId": 80,
    "name": "Huyện Bến Lức"
  },
  {
    "_id": 804,
    "provinceId": 80,
    "name": "Huyện Thủ Thừa"
  },
  {
    "_id": 805,
    "provinceId": 80,
    "name": "Huyện Tân Trụ"
  },
  {
    "_id": 806,
    "provinceId": 80,
    "name": "Huyện Cần Đước"
  },
  {
    "_id": 807,
    "provinceId": 80,
    "name": "Huyện Cần Giuộc"
  },
  {
    "_id": 808,
    "provinceId": 80,
    "name": "Huyện Châu Thành"
  },
  {
    "_id": 815,
    "provinceId": 82,
    "name": "Thành phố Mỹ Tho"
  },
  {
    "_id": 816,
    "provinceId": 82,
    "name": "Thị xã Gò Công"
  },
  {
    "_id": 817,
    "provinceId": 82,
    "name": "Thị xã Cai Lậy"
  },
  {
    "_id": 818,
    "provinceId": 82,
    "name": "Huyện Tân Phước"
  },
  {
    "_id": 819,
    "provinceId": 82,
    "name": "Huyện Cái Bè"
  },
  {
    "_id": 820,
    "provinceId": 82,
    "name": "Huyện Cai Lậy"
  },
  {
    "_id": 821,
    "provinceId": 82,
    "name": "Huyện Châu Thành"
  },
  {
    "_id": 822,
    "provinceId": 82,
    "name": "Huyện Chợ Gạo"
  },
  {
    "_id": 823,
    "provinceId": 82,
    "name": "Huyện Gò Công Tây"
  },
  {
    "_id": 824,
    "provinceId": 82,
    "name": "Huyện Gò Công Đông"
  },
  {
    "_id": 825,
    "provinceId": 82,
    "name": "Huyện Tân Phú Đông"
  },
  {
    "_id": 829,
    "provinceId": 83,
    "name": "Thành phố Bến Tre"
  },
  {
    "_id": 831,
    "provinceId": 83,
    "name": "Huyện Châu Thành"
  },
  {
    "_id": 832,
    "provinceId": 83,
    "name": "Huyện Chợ Lách"
  },
  {
    "_id": 833,
    "provinceId": 83,
    "name": "Huyện Mỏ Cày Nam"
  },
  {
    "_id": 834,
    "provinceId": 83,
    "name": "Huyện Giồng Trôm"
  },
  {
    "_id": 835,
    "provinceId": 83,
    "name": "Huyện Bình Đại"
  },
  {
    "_id": 836,
    "provinceId": 83,
    "name": "Huyện Ba Tri"
  },
  {
    "_id": 837,
    "provinceId": 83,
    "name": "Huyện Thạnh Phú"
  },
  {
    "_id": 838,
    "provinceId": 83,
    "name": "Huyện Mỏ Cày Bắc"
  },
  {
    "_id": 842,
    "provinceId": 84,
    "name": "Thành phố Trà Vinh"
  },
  {
    "_id": 844,
    "provinceId": 84,
    "name": "Huyện Càng Long"
  },
  {
    "_id": 845,
    "provinceId": 84,
    "name": "Huyện Cầu Kè"
  },
  {
    "_id": 846,
    "provinceId": 84,
    "name": "Huyện Tiểu Cần"
  },
  {
    "_id": 847,
    "provinceId": 84,
    "name": "Huyện Châu Thành"
  },
  {
    "_id": 848,
    "provinceId": 84,
    "name": "Huyện Cầu Ngang"
  },
  {
    "_id": 849,
    "provinceId": 84,
    "name": "Huyện Trà Cú"
  },
  {
    "_id": 850,
    "provinceId": 84,
    "name": "Huyện Duyên Hải"
  },
  {
    "_id": 851,
    "provinceId": 84,
    "name": "Thị xã Duyên Hải"
  },
  {
    "_id": 855,
    "provinceId": 86,
    "name": "Thành phố Vĩnh Long"
  },
  {
    "_id": 857,
    "provinceId": 86,
    "name": "Huyện Long Hồ"
  },
  {
    "_id": 858,
    "provinceId": 86,
    "name": "Huyện Mang Thít"
  },
  {
    "_id": 859,
    "provinceId": 86,
    "name": "Huyện  Vũng Liêm"
  },
  {
    "_id": 860,
    "provinceId": 86,
    "name": "Huyện Tam Bình"
  },
  {
    "_id": 861,
    "provinceId": 86,
    "name": "Thị xã Bình Minh"
  },
  {
    "_id": 862,
    "provinceId": 86,
    "name": "Huyện Trà Ôn"
  },
  {
    "_id": 863,
    "provinceId": 86,
    "name": "Huyện Bình Tân"
  },
  {
    "_id": 866,
    "provinceId": 87,
    "name": "Thành phố Cao Lãnh"
  },
  {
    "_id": 867,
    "provinceId": 87,
    "name": "Thành phố Sa Đéc"
  },
  {
    "_id": 868,
    "provinceId": 87,
    "name": "Thị xã Hồng Ngự"
  },
  {
    "_id": 869,
    "provinceId": 87,
    "name": "Huyện Tân Hồng"
  },
  {
    "_id": 870,
    "provinceId": 87,
    "name": "Huyện Hồng Ngự"
  },
  {
    "_id": 871,
    "provinceId": 87,
    "name": "Huyện Tam Nông"
  },
  {
    "_id": 872,
    "provinceId": 87,
    "name": "Huyện Tháp Mười"
  },
  {
    "_id": 873,
    "provinceId": 87,
    "name": "Huyện Cao Lãnh"
  },
  {
    "_id": 874,
    "provinceId": 87,
    "name": "Huyện Thanh Bình"
  },
  {
    "_id": 875,
    "provinceId": 87,
    "name": "Huyện Lấp Vò"
  },
  {
    "_id": 876,
    "provinceId": 87,
    "name": "Huyện Lai Vung"
  },
  {
    "_id": 877,
    "provinceId": 87,
    "name": "Huyện Châu Thành"
  },
  {
    "_id": 883,
    "provinceId": 89,
    "name": "Thành phố Long Xuyên"
  },
  {
    "_id": 884,
    "provinceId": 89,
    "name": "Thành phố Châu Đốc"
  },
  {
    "_id": 886,
    "provinceId": 89,
    "name": "Huyện An Phú"
  },
  {
    "_id": 887,
    "provinceId": 89,
    "name": "Thị xã Tân Châu"
  },
  {
    "_id": 888,
    "provinceId": 89,
    "name": "Huyện Phú Tân"
  },
  {
    "_id": 889,
    "provinceId": 89,
    "name": "Huyện Châu Phú"
  },
  {
    "_id": 890,
    "provinceId": 89,
    "name": "Huyện Tịnh Biên"
  },
  {
    "_id": 891,
    "provinceId": 89,
    "name": "Huyện Tri Tôn"
  },
  {
    "_id": 892,
    "provinceId": 89,
    "name": "Huyện Châu Thành"
  },
  {
    "_id": 893,
    "provinceId": 89,
    "name": "Huyện Chợ Mới"
  },
  {
    "_id": 894,
    "provinceId": 89,
    "name": "Huyện Thoại Sơn"
  },
  {
    "_id": 899,
    "provinceId": 91,
    "name": "Thành phố Rạch Giá"
  },
  {
    "_id": 900,
    "provinceId": 91,
    "name": "Thành phố Hà Tiên"
  },
  {
    "_id": 902,
    "provinceId": 91,
    "name": "Huyện Kiên Lương"
  },
  {
    "_id": 903,
    "provinceId": 91,
    "name": "Huyện Hòn Đất"
  },
  {
    "_id": 904,
    "provinceId": 91,
    "name": "Huyện Tân Hiệp"
  },
  {
    "_id": 905,
    "provinceId": 91,
    "name": "Huyện Châu Thành"
  },
  {
    "_id": 906,
    "provinceId": 91,
    "name": "Huyện Giồng Riềng"
  },
  {
    "_id": 907,
    "provinceId": 91,
    "name": "Huyện Gò Quao"
  },
  {
    "_id": 908,
    "provinceId": 91,
    "name": "Huyện An Biên"
  },
  {
    "_id": 909,
    "provinceId": 91,
    "name": "Huyện An Minh"
  },
  {
    "_id": 910,
    "provinceId": 91,
    "name": "Huyện Vĩnh Thuận"
  },
  {
    "_id": 911,
    "provinceId": 91,
    "name": "Huyện Phú Quốc"
  },
  {
    "_id": 912,
    "provinceId": 91,
    "name": "Huyện Kiên Hải"
  },
  {
    "_id": 913,
    "provinceId": 91,
    "name": "Huyện U Minh Thượng"
  },
  {
    "_id": 914,
    "provinceId": 91,
    "name": "Huyện Giang Thành"
  },
  {
    "_id": 916,
    "provinceId": 92,
    "name": "Quận Ninh Kiều"
  },
  {
    "_id": 917,
    "provinceId": 92,
    "name": "Quận Ô Môn"
  },
  {
    "_id": 918,
    "provinceId": 92,
    "name": "Quận Bình Thuỷ"
  },
  {
    "_id": 919,
    "provinceId": 92,
    "name": "Quận Cái Răng"
  },
  {
    "_id": 923,
    "provinceId": 92,
    "name": "Quận Thốt Nốt"
  },
  {
    "_id": 924,
    "provinceId": 92,
    "name": "Huyện Vĩnh Thạnh"
  },
  {
    "_id": 925,
    "provinceId": 92,
    "name": "Huyện Cờ Đỏ"
  },
  {
    "_id": 926,
    "provinceId": 92,
    "name": "Huyện Phong Điền"
  },
  {
    "_id": 927,
    "provinceId": 92,
    "name": "Huyện Thới Lai"
  },
  {
    "_id": 930,
    "provinceId": 93,
    "name": "Thành phố Vị Thanh"
  },
  {
    "_id": 931,
    "provinceId": 93,
    "name": "Thị xã Ngã Bảy"
  },
  {
    "_id": 932,
    "provinceId": 93,
    "name": "Huyện Châu Thành A"
  },
  {
    "_id": 933,
    "provinceId": 93,
    "name": "Huyện Châu Thành"
  },
  {
    "_id": 934,
    "provinceId": 93,
    "name": "Huyện Phụng Hiệp"
  },
  {
    "_id": 935,
    "provinceId": 93,
    "name": "Huyện Vị Thuỷ"
  },
  {
    "_id": 936,
    "provinceId": 93,
    "name": "Huyện Long Mỹ"
  },
  {
    "_id": 937,
    "provinceId": 93,
    "name": "Thị xã Long Mỹ"
  },
  {
    "_id": 941,
    "provinceId": 94,
    "name": "Thành phố Sóc Trăng"
  },
  {
    "_id": 942,
    "provinceId": 94,
    "name": "Huyện Châu Thành"
  },
  {
    "_id": 943,
    "provinceId": 94,
    "name": "Huyện Kế Sách"
  },
  {
    "_id": 944,
    "provinceId": 94,
    "name": "Huyện Mỹ Tú"
  },
  {
    "_id": 945,
    "provinceId": 94,
    "name": "Huyện Cù Lao Dung"
  },
  {
    "_id": 946,
    "provinceId": 94,
    "name": "Huyện Long Phú"
  },
  {
    "_id": 947,
    "provinceId": 94,
    "name": "Huyện Mỹ Xuyên"
  },
  {
    "_id": 948,
    "provinceId": 94,
    "name": "Thị xã Ngã Năm"
  },
  {
    "_id": 949,
    "provinceId": 94,
    "name": "Huyện Thạnh Trị"
  },
  {
    "_id": 950,
    "provinceId": 94,
    "name": "Thị xã Vĩnh Châu"
  },
  {
    "_id": 951,
    "provinceId": 94,
    "name": "Huyện Trần Đề"
  },
  {
    "_id": 954,
    "provinceId": 95,
    "name": "Thành phố Bạc Liêu"
  },
  {
    "_id": 956,
    "provinceId": 95,
    "name": "Huyện Hồng Dân"
  },
  {
    "_id": 957,
    "provinceId": 95,
    "name": "Huyện Phước Long"
  },
  {
    "_id": 958,
    "provinceId": 95,
    "name": "Huyện Vĩnh Lợi"
  },
  {
    "_id": 959,
    "provinceId": 95,
    "name": "Thị xã Giá Rai"
  },
  {
    "_id": 960,
    "provinceId": 95,
    "name": "Huyện Đông Hải"
  },
  {
    "_id": 961,
    "provinceId": 95,
    "name": "Huyện Hoà Bình"
  },
  {
    "_id": 964,
    "provinceId": 96,
    "name": "Thành phố Cà Mau"
  },
  {
    "_id": 966,
    "provinceId": 96,
    "name": "Huyện U Minh"
  },
  {
    "_id": 967,
    "provinceId": 96,
    "name": "Huyện Thới Bình"
  },
  {
    "_id": 968,
    "provinceId": 96,
    "name": "Huyện Trần Văn Thời"
  },
  {
    "_id": 969,
    "provinceId": 96,
    "name": "Huyện Cái Nước"
  },
  {
    "_id": 970,
    "provinceId": 96,
    "name": "Huyện Đầm Dơi"
  },
  {
    "_id": 971,
    "provinceId": 96,
    "name": "Huyện Năm Căn"
  },
  {
    "_id": 972,
    "provinceId": 96,
    "name": "Huyện Phú Tân"
  },
  {
    "_id": 973,
    "provinceId": 96,
    "name": "Huyện Ngọc Hiển"
  },
  {
    "_id": 981,
    "provinceId": 99,
    "name": "Quận 981 test"
  },
  {
    "_id": 982,
    "provinceId": 99,
    "name": "Quận 982 test"
  },
  {
    "_id": 983,
    "provinceId": 99,
    "name": "Huyện 983 test"
  },
  {
    "_id": 991,
    "provinceId": 99,
    "name": "Thị Xã 991 test"
  },
  {
    "_id": 992,
    "provinceId": 99,
    "name": "Huyện 992 test"
  },
  {
    "_id": 993,
    "provinceId": 99,
    "name": "Huyện 993 test"
  },
  {
    "_id": 999,
    "provinceId": 99,
    "name": "Huyen 999"
  }
]