[
  {
    "_id": 1,
    "name": "Thành phố Hà Nội",
    "areaCode": 1
  },
  {
    "_id": 2,
    "name": "Tỉnh Hà Giang",
    "areaCode": 2
  },
  {
    "_id": 4,
    "name": "Tỉnh Cao Bằng",
    "areaCode": 2
  },
  {
    "_id": 6,
    "name": "Tỉnh Bắc Kạn",
    "areaCode": 2
  },
  {
    "_id": 8,
    "name": "Tỉnh Tuyên Quang",
    "areaCode": 2
  },
  {
    "_id": 10,
    "name": "Tỉnh Lào Cai",
    "areaCode": 2
  },
  {
    "_id": 11,
    "name": "Tỉnh Điện Biên",
    "areaCode": 2
  },
  {
    "_id": 12,
    "name": "Tỉnh Lai Châu",
    "areaCode": 2
  },
  {
    "_id": 14,
    "name": "Tỉnh Sơn La",
    "areaCode": 2
  },
  {
    "_id": 15,
    "name": "Tỉnh Yên Bái",
    "areaCode": 2
  },
  {
    "_id": 17,
    "name": "Tỉnh Hoà Bình",
    "areaCode": 2
  },
  {
    "_id": 19,
    "name": "Tỉnh Thái Nguyên",
    "areaCode": 2
  },
  {
    "_id": 20,
    "name": "Tỉnh Lạng Sơn",
    "areaCode": 2
  },
  {
    "_id": 22,
    "name": "Tỉnh Quảng Ninh",
    "areaCode": 1
  },
  {
    "_id": 24,
    "name": "Tỉnh Bắc Giang",
    "areaCode": 2
  },
  {
    "_id": 25,
    "name": "Tỉnh Phú Thọ",
    "areaCode": 2
  },
  {
    "_id": 26,
    "name": "Tỉnh Vĩnh Phúc",
    "areaCode": 1
  },
  {
    "_id": 27,
    "name": "Tỉnh Bắc Ninh",
    "areaCode": 1
  },
  {
    "_id": 30,
    "name": "Tỉnh Hải Dương",
    "areaCode": 1
  },
  {
    "_id": 31,
    "name": "Thành phố Hải Phòng",
    "areaCode": 1
  },
  {
    "_id": 33,
    "name": "Tỉnh Hưng Yên",
    "areaCode": 1
  },
  {
    "_id": 34,
    "name": "Tỉnh Thái Bình",
    "areaCode": 1
  },
  {
    "_id": 35,
    "name": "Tỉnh Hà Nam",
    "areaCode": 1
  },
  {
    "_id": 36,
    "name": "Tỉnh Nam Định",
    "areaCode": 1
  },
  {
    "_id": 37,
    "name": "Tỉnh Ninh Bình",
    "areaCode": 1
  },
  {
    "_id": 38,
    "name": "Tỉnh Thanh Hóa",
    "areaCode": 3
  },
  {
    "_id": 40,
    "name": "Tỉnh Nghệ An",
    "areaCode": 3
  },
  {
    "_id": 42,
    "name": "Tỉnh Hà Tĩnh",
    "areaCode": 3
  },
  {
    "_id": 44,
    "name": "Tỉnh Quảng Bình",
    "areaCode": 3
  },
  {
    "_id": 45,
    "name": "Tỉnh Quảng Trị",
    "areaCode": 3
  },
  {
    "_id": 46,
    "name": "Tỉnh Thừa Thiên Huế",
    "areaCode": 3
  },
  {
    "_id": 48,
    "name": "Thành phố Đà Nẵng",
    "areaCode": 3
  },
  {
    "_id": 49,
    "name": "Tỉnh Quảng Nam",
    "areaCode": 3
  },
  {
    "_id": 51,
    "name": "Tỉnh Quảng Ngãi",
    "areaCode": 3
  },
  {
    "_id": 52,
    "name": "Tỉnh Bình Định",
    "areaCode": 3
  },
  {
    "_id": 54,
    "name": "Tỉnh Phú Yên",
    "areaCode": 3
  },
  {
    "_id": 56,
    "name": "Tỉnh Khánh Hòa",
    "areaCode": 3
  },
  {
    "_id": 58,
    "name": "Tỉnh Ninh Thuận",
    "areaCode": 3
  },
  {
    "_id": 60,
    "name": "Tỉnh Bình Thuận",
    "areaCode": 3
  },
  {
    "_id": 62,
    "name": "Tỉnh Kon Tum",
    "areaCode": 4
  },
  {
    "_id": 64,
    "name": "Tỉnh Gia Lai",
    "areaCode": 4
  },
  {
    "_id": 66,
    "name": "Tỉnh Đắk Lắk",
    "areaCode": 4
  },
  {
    "_id": 67,
    "name": "Tỉnh Đắk Nông",
    "areaCode": 4
  },
  {
    "_id": 68,
    "name": "Tỉnh Lâm Đồng",
    "areaCode": 4
  },
  {
    "_id": 70,
    "name": "Tỉnh Bình Phước",
    "areaCode": 5
  },
  {
    "_id": 72,
    "name": "Tỉnh Tây Ninh",
    "areaCode": 5
  },
  {
    "_id": 74,
    "name": "Tỉnh Bình Dương",
    "areaCode": 5
  },
  {
    "_id": 75,
    "name": "Tỉnh Đồng Nai",
    "areaCode": 5
  },
  {
    "_id": 77,
    "name": "Tỉnh Bà Rịa - Vũng Tàu",
    "areaCode": 5
  },
  {
    "_id": 79,
    "name": "Thành phố Hồ Chí Minh",
    "areaCode": 5
  },
  {
    "_id": 80,
    "name": "Tỉnh Long An",
    "areaCode": 6
  },
  {
    "_id": 82,
    "name": "Tỉnh Tiền Giang",
    "areaCode": 6
  },
  {
    "_id": 83,
    "name": "Tỉnh Bến Tre",
    "areaCode": 6
  },
  {
    "_id": 84,
    "name": "Tỉnh Trà Vinh",
    "areaCode": 6
  },
  {
    "_id": 86,
    "name": "Tỉnh Vĩnh Long",
    "areaCode": 6
  },
  {
    "_id": 87,
    "name": "Tỉnh Đồng Tháp",
    "areaCode": 6
  },
  {
    "_id": 89,
    "name": "Tỉnh An Giang",
    "areaCode": 6
  },
  {
    "_id": 91,
    "name": "Tỉnh Kiên Giang",
    "areaCode": 6
  },
  {
    "_id": 92,
    "name": "Thành phố Cần Thơ",
    "areaCode": 6
  },
  {
    "_id": 93,
    "name": "Tỉnh Hậu Giang",
    "areaCode": 6
  },
  {
    "_id": 94,
    "name": "Tỉnh Sóc Trăng",
    "areaCode": 6
  },
  {
    "_id": 95,
    "name": "Tỉnh Bạc Liêu",
    "areaCode": 6
  },
  {
    "_id": 96,
    "name": "Tỉnh Cà Mau",
    "areaCode": 6
  },
  {
    "_id": 99,
    "name": "Tỉnh test chương trình",
    "areaCode": 6
  }
]